Abano Terme
Abbadia Lariana
Abbasanta
Abbiategrasso
Acate
Acciano
Acerra
Acireale
Acqua Acetosa
Acquafredda
Acquamela
Acquanegra Cremonese
Acquappesa
Acquaviva delle Fonti
Acquaviva-Casteltermini
Acquedolci-S.Fratello
Acqui Terme
Adria
Africo Nuovo
Agliano-Castelnuovo Calcea
Agognate
Agrigento Bassa
Agrigento Centrale
Agropoli-Castellabate
Aielli
Airasca
Airole
Airuno
Ala
Alanno
Alano-Fener-Valdobbiadene
Alassio
Alba
Alba Adriatica-Nereto-Controguerra
Albacina
Albairate-Vermezzo
Albano Laziale
Albano S.Alessandro
Albano di Lucania
Albanova
Albaredo
Albate Trecallo
Albenga
Albinia
Albisola
Albizzate-Solbiate Arno
Albonese
Albuzzano
Alcamo Diramazione
Alcantara
Alessandria
Alfonsine
Alice Belcolle
Allerona-Castel Viscardo
Alpignano
Altare
Altavilla Irpina
Altavilla Milicia
Altavilla-Tavernelle
Altopascio
Alviano
Alì Terme
Amantea
Ambivere-Mapello
Amorosi-Melizzano
Anagni-Fiuggi
Ancona
Ancona Torrette
Anconetta
Andora
Angri
Anguillara
Annone Veneto
Annà
Antignano
Antrodoco Centro
Antrodoco-Borgo Velino
Anzano del Parco
Anzio
Anzio Colonia
Anzola dell\u0027Emilia
Aosta
Appiano
Aprilia
Aragona-Caldare
Arbia
Arce
Arcene
Arcisate
Arcola
Arcore
Ardenno-Masino
Ardore
Arena Po
Arenzano
Arezzo
Argenta
Ariano Irpino
Arona
Arpino
Arquata Scrivia
Arquà
Arsoli
Artegna
Ascea
Asciano
Asciano-Monte Oliveto Maggiore
Ascoli Piceno
Ascoli Satriano
Asola
Assemini
Assemini Carmine
Assemini S.Lucia
Assisi
Asti
Attigliano-Bomarzo
Augusta
Aulla Lunigiana
Avellino
Aversa
Avezzano
Aviano
Avigliana
Avigliano Lucania
Avio
Avola
Badesse
Badia Polesine
Badolato
Bagheria
Bagnacavallo
Bagnara
Bagni di Lucca
Bagni di Tivoli
Bagnoli-Agnano Terme
Bagnolo Mella
Baiano di Spoleto
Balangero
Baldichieri-Tigliole
Balestrate
Balsorano
Balvano-Ricigliano
Balzola
Bandito
Baragiano-Ruoti
Baranello
Barberino di Val d\u0027Elsa
Barbianello
Barbiano
Barcellona-Castroreale
Bardonecchia
Barga-Gallicano
Bari Centrale
Bari Loseto
Bari Palese Macchie
Bari Parco Sud
Bari S.Rita
Bari S.Spirito
Bari Torre Quetta
Bari Torre a Mare
Bari Villaggio del Lavoratore
Bari Zona Industriale
Baricetta
Barile
Barletta
Baronissi
Basiliano
Bassano del Grappa
Bastia
Battaglia Terme
Battipaglia
Baveno
Bazzana
Bazzano
Beaulard
Beffi
Belgioioso
Belgirate
Bella-Muro
Bellano-Tartavalle Terme
Bellante-Ripattone
Bellaria
Bellinzago
Belluno
Belvedere Marittimo
Benevento
Benevento Arco Traiano
Berceto
Berchidda
Bergamo
Bergamo Ospedale
Bernalda
Besana
Besnate
Besozzo
Bevera
Bevilacqua
Biagioni Lagacci
Bianco
Bianzone
Bianzè
Biassono-Lesmo Parco
Biella S.Paolo
Biforco
Bisceglie
Bistagno
Bisuschio-Viggiù
Bitetto-Palo del Colle
Bitritto
Bivio d\u0027Aurisina
Bogliasco
Boiano
Bolgheri
Bologna Borgo Panigale
Bologna Centrale
Bologna Centrale AV
Bologna Corticella
Bologna Mazzini
Bologna S.Ruffillo
Bologna S.Vitale
Bolzano  Bozen
Bolzano Casanova Bozen Kaiserau
Bolzano Novarese
Bolzano Sud  Bozen Süd
Bonassola
Bonferraro
Bonorva
Bordighera
Borgaro
Borghetto S.Spirito
Borghetto sull\u0027Adige
Borgio Verezzi
Borgo Fornari per Voltaggio
Borgo Lavezzaro
Borgo Revel
Borgo S.Dalmazzo
Borgo S.Lorenzo
Borgo S.Lorenzo-Rimorelli
Borgo S.Martino
Borgo Ticino
Borgo Val di Taro
Borgo Valsugana Centro
Borgo Valsugana Est
Borgo Vercelli
Borgo a Buggiano
Borgo a Mozzano
Borgochiesanuova
Borgofranco
Borgolombardo
Borgomanero
Borgone
Borgonuovo
Borgoratto
Borore
Boschi S.Anna
Bosconero
Botricello
Bova Marina
Bovalino
Bovino-Deliceto
Bovolone
Bozzolo
Bra
Bracciano
Bragno
Brancaleone
Brandizzo
Brenna-Alzate
Brennero  Brenner
Brescia
Bressana Argine
Bressana Bottarone
Bressanone  Brixen
Briatico
Brindisi
Brindisi Cittadella della Ricerca
Brindisi Perrino
Brisighella
Brolo-Ficarra
Broni
Bronzolo Branzoll
Brunico  Bruneck
Brunico Nord  Bruneck Nord
Bruzolo di Susa
Buccino-S.Gregorio Magno
Bucine
Budoia-Polcenigo
Buonconvento
Busa di Vigonza
Busalla
Busca
Busche-Lentiai-Mel
Busseto
Bussi
Bussoleno
Busto Arsizio
Buttafava
Buttapietra
Buttrio
Ca\u0027 di Boschetti
Cadeo
Cagliari
Cagliari Elmas
Cagliari S.Gilla
Cairo Montenotte
Cala Sabina
Calalzo-Pieve Cadore-Cortina
Calatabiano
Calceranica
Calderara-Bargellino
Caldiero
Caldonazzo
Caldè
Calenzano
Calolziocorte-Olginate
Calopezzati
Caltagirone
Caltanissetta Centrale
Caltanissetta Xirbi
Caltignaga
Calusco
Caluso
Calvisano
Camaiore Lido-Capezzano
Cambiano-Santena
Camerano Aspio
Cammarata-S.Giovanni Gemini
Camnago-Lentate
Camogli-S.Fruttuoso
Campagna-Serre-Persano
Campello sul Clitunno
Campiglia Marittima
Campo Ligure-Masone
Campo di Carne
Campo di Trens Freienfeld
Campobasso
Campobello di Mazara
Campobello-Ravanusa
Campodarsego
Campofelice
Campofranco
Campoleone
Campolieto-Monacilioni
Campomarino
Campomigliaio
Campora-S.Giovanni-Serra Aiello
Camporgiano
Camposampiero
Camposanto
Camucia-Cortona
Canaro
Cancelliera
Cancello
Cancello-Arnone
Candela-S.Agata di Puglia
Candelo
Candia Canavese
Candia Lomellina
Candiolo
Canegrate
Canetra
Canicattì
Canistro
Canneto sull\u0027Oglio
Cannizzaro
Cantello Gaggiolo
Cantù
Cantù-Cermenate
Capaccio-Roccadaspide
Capaci
Capalbio
Capannelle
Capistrello
Capo Bonifati
Capo d\u0027Orlando-Naso
Capralba
Capranica-Sutri
Capua
Carate-Calò
Caravaggio
Carbona
Carbonia Serbariu
Cariati
Carimate
Carini
Carini Torre Ciachea
Carmagnola
Carmignano di Brenta
Carnate-Usmate
Carnia
Caronia
Carovigno
Carpanè-Valstagna
Carpi
Carpignano Sesia
Carpinone
Carrara-Avenza
Carrito-Ortona
Carruba
Carsoli
Casabianca
Casacalenda-Guardialfiera
Casalbordino-Pollutri
Casalbuttano
Casale Monferrato
Casalecchio Garibaldi
Casalecchio di Reno
Casaleggio
Casaletto Vaprio
Casalmaggiore
Casalnuovo
Casalpusterlengo
Casarsa
Cascina
Caselle Torinese
Caserta
Casino di Terra
Casletto-Rogeno
Casorate Sempione
Casoria-Afragola
Cassago-Nibionno-Bulciago
Cassano d\u0027Adda
Cassine
Cassino
Cassola
Castagnaro
Castagneto Carducci-Donoratico
Castagno
Castagnole delle Lanze
Casteggio
Castel Gandolfo
Castel Lagopesole
Castel Madama
Castel S.Angelo
Castel S.Giorgio-Roccapiemonte
Castel S.Giovanni
Castel S.Pietro Terme
Castel d\u0027Ario
Castelbolognese-Riolo Terme
Casteldaccia
Casteldarne  Ehrenburg
Casteldebole
Castelferretti-Falconara Aeroporto
Castelfiorentino
Castelfranco Emilia
Castelfranco Veneto
Castelguelfo
Castellalto-Canzano
Castellammare del Golfo
Castellammare di Stabia
Castellaneta
Castellaneta Marina
Castelleone
Castellina in Chianti-Monteriggioni
Castello d\u0027Annone
Castello di Godego
Castellucchio
Castelmaggiore
Castelnuovo Berardenga
Castelnuovo del Garda
Castelnuovo di Garfagnana
Castelplanio-Cupramontana
Castelraimondo-Camerino
Castelrosso
Castelvecchio Pascoli
Castelvetrano
Castelvetro
Castiglion Fiorentino
Castiglion del Lago
Castiglioncello
Castiglione Cosentino
Castione Andevenno
Castione dei Marchesi
Castro-Pofi-Vallecorsa
Castronno
Catania Aeroporto Fontanarossa
Catania Centrale
Catanzaro
Catanzaro Lido
Catenanuova-Centuripe
Cattolica-S.Giovanni-Gabicce
Caulonia
Cava Carbonara
Cava Tigozzi
Cava dei Tirreni
Cavalleggeri Aosta
Cavallermaggiore
Cavanella d\u0027Adige
Cavaria-Oggiona-Ierago
Cavazzale
Cavi
Ceccano
Cecchina
Cecina
Cefalù
Ceggia
Celano-Ovindoli
Celle
Celle Bulgheria-Roccagloriosa
Cengio
Centallo
Centola-Palinuro-Marina di Camerota
Ceprano-Falvaterra
Cerchio
Cerda
Cerea
Ceregnano
Ceriale
Cerignola Campagna
Cernusco-Merate
Cerreto d\u0027Esi
Certaldo
Certosa di Pavia
Cervia-Milano Marittima
Cervignano-Aquileia-Grado
Cesano Boscone
Cesano di Roma
Cesena
Cesenatico
Cetraro
Ceva
Chatillon-Saint-Vincent
Chianche-Ceppaloni
Chiaravalle
Chiari
Chiavari
Chiavenna
Chieri
Chieti
Chieti-Madonna delle Piane
Chieuti-Serracapriola
Chignolo Po
Chioggia
Chiomonte
Chiuduno
Chiuro
Chiusa  Klausen
Chiusi-Chianciano Terme
Chivasso
Ciampino
Cinisi-Terrasini
Cirie
Cirò
Cisano-Caprino Bergamasco
Cismon del Grappa
Cisterna di Latina
Cisternino
Cittadella
Cittaducale
Civate
Cividate-Calcio
Civita Castellana-Magliano
Civita d\u0027Antino-Morino
Civitanova Marche-Montegranaro
Civitavecchia
Civitella Roveto
Civitella-Paganico
Classe
Coccaglio
Cocullo
Codogno
Codola
Codroipo
Cogoleto
Colfelice
Colico
Collarmele
Colle Isarco  Gossensass
Colle Mattia
Collecchio
Colleferro-Segni-Paliano
Collegno
Collevecchio-Poggio Sommavilla
Colli del Tronto
Colli di Monte Bove
Colmegna
Cologne
Colonna Galleria
Colorno
Comiso
Como Camerlata
Como S.Giovanni
Compiobbi
Compre S.Vincenzo
Condofuri
Condove-Chiusa S.Michele
Conegliano
Conselice
Contea-Londa
Contesse
Contigliano
Contursi Terme
Corbetta-S.Stefano Ticino
Corbezzi
Cordovado-Sesto
Corigliano Calabro
Cormons
Corniglia
Cornuda
Coronella
Corridonia-Mogliano
Corsico
Corteolona
Cosenza
Cosio-Traona
Cossato
Costa
Costa Masnaga
Costigliole (Motta di)
Costigliole Saluzzo
Cotignola
Crema
Cremona
Crescentino
Crespino del Lamone
Cressa-Fontaneto
Crevalcore
Cropani
Crotone
Crucoli
Cucciago
Cuneo
Cupone
Cupramarittima
Cusano
Cutro
Cuzzago
Decimomannu
Dego
Deiva Marina
Delebio
Dervio
Desenzano del Garda-Sirmione
Desio
Diamante-Buonvicino
Diano
Dicomano
Diecimo-Pescaglia
Dittaino
Dobbiaco  Toblach
Dolcè
Dolo
Domegliara-S.Ambrogio
Domodossola
Donnafugata
Donnas
Dorio
Dormelletto
Dormelletto Paese
Dossobuono
Dubino
Dueville
Duomo Via Vernieri
Eboli
Egna-Termeno  Neumarkt-Tramin
Ellera-Corciano
Elmas Aeroporto
Empoli
Enna
Equi Terme
Este
Europa
Fabriano
Fabro-Ficulle
Faenza
Fagarè
Fagnano-Campana
Falciano-Mondragone-Carinola
Falconara Marittima
Falconara Stadio
Falcone
Fano
Fanzolo
Fara Sabina-Montelibretti
Fasano
Favazzina
Federico
Feletto
Felizzano
Feltre
Ferentino-Supino
Ferrandina-Scalo Matera
Ferrania
Ferrara
Ferrera Lomellina
Ferruzzano
Ficarazzi
Fidene
Fidenza
Fiera
Fiera Di Roma
Fiesole-Caldine
Figline Valdarno
Filattiera
Filiano
Finale Ligure Marina
Fiorenzuola
Firenze Campo Marte
Firenze Castello
Firenze Rifredi
Firenze Rovezzano
Firenze S.Marco Vecchio
Firenze Santa Maria Novella
Firenze Statuto
Fisciano
Fiumara Gazzi
Fiumefreddo di Sicilia
Fiumelatte
Fiumicino Aeroporto
Fivizzano-Gassano
Fivizzano-Rometta-Soliera
Foggia
Fognano
Foligno
Follonica
Fondi-Sperlonga
Fontana Liri Inferiore
Fontanafredda
Fontanarosa-Cervaro
Fontane Bianche
Fontanetto Po
Fontaniva
Fontecchio
Forenza
Forlimpopoli-Bertinoro
Forlì
Formia-Gaeta
Fornaci di Barga
Fornovo
Forte dei Marmi-Seravezza-Querceta
Fortezza Franzensfeste
Fosciandora-Ceserana
Fossacesia-Torino di Sangro
Fossalta di Piave
Fossano
Fossato di Vico-Gubbio
Framura
Francavilla Fontana
Francavilla al Mare
Franciosa
Frascati
Frasso Telesino-Dugenta
Fratta
Frattamaggiore-Grumo
Fratte
Fratte Centro
Fratte-Villa Comunale
Frosinone
Frugarolo-Boscomarengo
Funo Centergross
Furci
Fuscaldo
Gaggiano
Gaggio Porta Est
Gagliole
Gaibanella
Gaifana
Galati
Gallarate
Gallese in Teverina
Galliera
Galliera Veneta-Tombolo
Gambettola
Gambolò-Remondò
Garbagna
Gargazzone  Gargazon
Garlasco
Gatteo a Mare
Gavignano Sabino
Gavorrano
Gazzada-Schianno-Morazzone
Gazzo di Bigarello
Gazzo-Pieve S.Giacomo
Gela
Gemelli
Gemona del Friuli
Genga-S.Vittore Terme
Genova Acquasanta
Genova Bolzaneto
Genova Borzoli
Genova Brignole
Genova Cornigliano
Genova Costa di Sestri Ponente
Genova Granara
Genova Nervi
Genova Pegli
Genova Piazza Principe
Genova Piazza Principe Sotterranea
Genova Pontedecimo
Genova Pra
Genova Quarto dei Mille
Genova Quinto al Mare
Genova Rivarolo
Genova S.Biagio
Genova Sampierdarena
Genova Sestri Ponente Aeroporto
Genova Sturla
Genova Vesima
Genova Via di Francia
Genova Voltri
Germagnano
Ghedi
Ghivizzano-Coreglia
Giachery
Giampilieri
Giarole
Giarre-Riposto
Giave
Ginosa
Gioia Tauro
Gioia del Colle
Gioiosa Jonica
Giojosa Marea
Giovinazzo
Giugliano-Qualiano
Giulianova
Glorie
Godo
Golfo Aranci
Gonzaga-Reggiolo
Gorgo al Monticano
Goriano Sicoli
Gorizia Centrale
Gozzano
Gragnola
Grammichele
Granaiolo
Granarolo Faentino
Grassano-Garaguso-Tricarico
Gravellona Toce
Greccio
Gricignano-Teverola
Grigno
Grisignano di Zocco
Grisolia-S.Maria
Grizzana
Gropello Cairoli
Grosseto
Grottaglie
Grottammare
Grotte
Grotte S.Stefano
Grugliasco
Grumello del Monte
Grumo Appula
Gualdo Tadino
Guardavalle
Guardia Piemontese Terme
Guardia-Mangano-S.Venerina
Guidonia-Montecelio-S.Angelo
Hone-Bard
Igea Marina
Iglesias
Il Neto
Imola
Imperia
Incisa
Incoronata
Induno Olona
Ipogeo degli Ottavi
Iselle di Trasquera
Isernia
Isola Liri
Isola d\u0027Asti
Isola del Cantone
Isola della Scala
Isola delle Femmine
Isoletta-S.Giovanni Incarico
Ispica
Ispra
Istrana
Itri
Ivrea
Jesi
Joppolo
L\u0027Aquila
L\u0027Aquila Campo di Pile
L\u0027Aquila S.Gregorio
L\u0027Aquila Sassa Nucleo Sviluppo
La Giustiniana
La Rustica Città
La Rustica Uir
La Spezia Centrale
La Spezia Migliarina
La Storta
Labico
Labro-Moggio
Ladispoli-Cerveteri
Laigueglia
Laives  Leifers
Lama
Lama di Reno
Lambrinia
Lamezia Terme Centrale
Lamezia Terme-Nicastro
Lamezia Terme-Sambiase
Lana-Postal  Lana-Burgstall
Lancenigo
Lanuvio
Lanzara-Fimiani
Lanzo Torinese
Larino
Lascari
Lastra a Signa
Laterina
Latiano
Latina
Latisana-Lignano-Bibione
Lavagna
Laveno-Mombello
Lavezzola
Lavis
Le Cure
Le Piagge
Lecce
Lecco
Lecco Maggianico
Leggiuno-Monvalle
Legnago
Legnano
Lendinara
Lentini
Leonforte-Pirato
Lerino
Lesa
Lesegno
Lesmo
Letojanni
Levanto
Levata
Levate
Levico Terme
Licata
Lido di Classe-Lido di Savio
Lido di Lavinio
Lierna
Limone
Lison
Lissone-Muggiò
Livorno Centrale
Livorno Ferraris
Loano
Locate Triulzi
Locri
Lodi
Lolli
Lomello
Lonato
Longarone-Zoldo
Lonigo
Loreo
Loreto
Lucca
Lugo
Luino
Lunghezza
Luni
Maccagno
Maccarese-Fregene
Macerata
Macerata Fontescodella
Macerata Università
Macherio-Canonica
Macherio-Sovico
Macomer
Maddaloni Inferiore
Madignano
Madonna del Pilone
Maerne di Martellago
Magenta
Magione
Magliana
Magliano-Crava-Morozzo
Magrè-Cortaccia  Margreid-Kurtatsch
Maleo
Maltignano del Tronto
Manarola
Mandatoriccio-Campana
Mandello del Lario
Manerbio
Manfredonia
Manfredonia Ovest
Maniago
Manoppello
Manta
Mantova
Mantova Frassine
Manzano
Manziana-Canale Monterano
Marano Ticino
Marano Vicentino
Maratea
Marausa
Marcaria
Marcellina-Palombara
Marcellina-Verbicaro-Orsomarso
Marcianise
Marconi
Marechiaro
Marina di Cerveteri
Marina di Maratea
Marina di S.Lorenzo
Marinella
Marino Laziale
Marino del Tronto-Folignano
Marmore
Marotta-Mondolfo
Marradi-Palazzuolo sul Senio
Marrubiu-Terralba-Arborea
Marsala
Martinsicuro
Marzabotto
Marzocca
Mascali
Massa Centro
Massafra
Massalombarda
Massarosa-Bozzano
Matelica
Mathi
Mazara del Vallo
Meana
Mede
Medesano
Meina
Mele
Melegnano
Melfi
Melito di Porto Salvo
Melzo
Meolo
Merana
Merano  Meran
Merano-Maia Bassa  Meran-Untermais
Mercato S.Severino
Mercenasco
Mergozzo
Mesagne
Messina Centrale
Mestrino
Metaponto
Mezzani-Rondani
Mezzano
Mezzocorona
Mignano Monte Lungo
Milano Centrale
Milano Certosa
Milano Dateo
Milano Forlanini
Milano Greco Pirelli
Milano Lambrate
Milano Lancetti
Milano Porta Garibaldi
Milano Porta Garibaldi Sotterranea
Milano Porta Genova
Milano Porta Romana
Milano Porta Venezia
Milano Porta Vittoria
Milano Repubblica
Milano Rogoredo
Milano Romolo
Milano S.Cristoforo
Milano Tibaldi Università Bocconi
Milano Villapizzone
Milazzo
Mileto
Mili Marina
Militello
Minturno-Scauri
Minucciano-Pieve-Casola
Mira-Mirano
Miradolo Terme
Miramare
Mirandola
Mirto-Crosia
Misano Adriatico
Modena
Modica
Modugno
Mogliano Veneto
Moiana
Mola di Bari
Molare
Molfetta
Molina-Castelvecchio Subequo
Molino del Pallone
Molteno
Mombaldone-Roccaverano
Mombaruzzo
Momo
Monasterace-Stilo
Moncalieri
Moncalieri Sangone
Mondovì
Moneglia
Monfalcone
Mongardino
Monguelfo-Valle di Casies  Welsberg-Gsies
Monopoli
Monsampolo del Tronto
Monselice
Montagnana
Montaguto-Panni
Montale-Agliana
Montalto di Castro
Montanaro
Monte Antico
Monte S.Biagio-Terracina Mare
Montebello
Montebelluna
Montecarlo-S.Salvatore
Montecarotto-Castelbellino
Montecatini Centro
Montecatini Terme-Monsummano
Montechiaro-Denice
Montecorvino
Montecosaro
Montefiascone
Montegrosso
Montello-Gorlago
Montelupo-Capraia
Montemaggiore Belsito
Montemarciano
Montenero-Petacciato
Montepaone-Montauro
Montepescali
Monteprandone
Montepulciano
Montereale Valcellina
Monteroni d\u0027Arbia
Monterosso
Monterotondo-Mentana
Montesanto
Montesilvano
Montevarchi-Terranuova
Monti-Telti
Monticello d\u0027Alba
Montirone
Montoro-Forino
Monza
Monza Sobborghi
Monzone-Monte dei Bianchi-Isolano
Monzuno-Vado
Morano sul Po
Morbegno
Morengo-Bariano
Mori
Mornago-Cimbro
Morolo
Morrea-Castronovo-Rendinara
Morrovalle-Monte S.Giusto
Mortara
Mosciano S.Angelo
Motta S.Damiano
Motta S.Giovanni-Lazzaro
Motta di Livenza
Mozia-Birgi
Mozzecane
Mulinetti
Muratella
Murlo
Musiano-Pian di Macina
Mussotto
Napoli Afragola
Napoli Campi Flegrei
Napoli Centrale
Napoli Gianturco
Napoli Mergellina
Napoli Montesanto
Napoli Piazza Amedeo
Napoli Piazza Cavour
Napoli Piazza Garibaldi
Napoli Piazza Leopardi
Napoli S.Giovanni Barra
Narni-Amelia
Navacchio
Neive
Nepezzano-Piano D\u0027Accio
Nera Montoro
Nettuno
Nibbia
Nichelino
Nicorvo
Nicotera
Nizza Monferrato
Nizza di Sicilia
Noale-Scorzè
Nocera Inferiore
Nocera Inferiore Mercato
Nocera Superiore
Nocera Umbra
Nogara
Nola
Nole
None
Notaresco
Noto
Novara
Novara-Montalbano-Fùrnari
Novate-Mezzola
Novi Ligure
Nozzano
Nuovo Salario
Nus
Occhiobello
Oderzo
Offida-Castel di Lama
Oggiono
Ognina
Olbia
Olbia Terranova
Olcio
Oleggio
Olevano
Olgiata
Olgiate-Calco-Brivio
Oliveri-Tindari
Olivetta-S.Michele
Olmeneta
Olmi Spercenigo
Omegna
Omegna-Crusinallo
Omignano-Salento
Ora  Auer
Orbetello-Monte Argentario
Ordona
Oria
Oricola-Pereto
Orio Litta
Oriolo
Oristano
Ornavasso
Orsa
Orsago
Orsara di Puglia
Orta-Miasino
Ortanova
Orte
Ortona
Orvieto
Oschiri
Osimo-Castelfidardo
Osnago
Ospedaletto Euganeo
Ospedaletto Lodigiano
Ospitaletto Mantovano
Ospitaletto-Travagliato
Osteria Nuova
Ostia Parmense
Ostiglia
Ostuni
Ottavia
Oulx-Cesana-Claviere-Sestriere
Ovada
Ozieri Chilivani
Ozzano Taro
Ozzano dell\u0027Emilia
Pace del Mela
Paceco
Paderno-Robbiate
Padiglione
Padova
Paese
Paese-Castagnole
Paestum
Pagani
Paganica
Palagianello
Palagiano-Chiatona
Palazzo Reale-Orleans
Palazzolo Vercellese
Palazzolo sull\u0027Oglio
Palermo Aeroporto
Palermo Brancaccio
Palermo Cardillo
Palermo Centrale
Palermo De Gasperi
Palermo Francia
Palermo Guadagna
Palermo La Malfa
Palermo Liberta\u0027
Palermo Notarbartolo
Palermo S.Lorenzo
Palermo Sferracavallo
Palermo Tommaso Natale
Palermo Vespri
Palestro
Palidano
Palizzi
Pallanzeno
Palma-S.Gennaro
Palmanova
Palmi
Palmiro Togliatti
Palombina
Pantanella
Pantiere di Castelbellino
Paola
Parabiago
Parco Leonardo
Parghelia
Parma
Parona Lomellina
Partinico
Passignano sul Trasimeno
Patti-S.Piero Patti
Paulilatino
Pavia
Pavia Porta Garibaldi
Pavona
Pedaso
Pederobba-Cavaso-Possagno
Pellezzano
Perarolo di Cadore
Perca-Plan de Corones  Percha-Kronplatz
Pergine
Peri
Perugia
Perugia Capitini
Perugia Ponte S.Giovanni
Perugia Silvestrini
Perugia Università
Pesaro
Pescara
Pescara Porta Nuova
Pescara S.Marco
Pescara Tribunale
Peschiera del Garda
Pescia
Pescina
Pescocanale
Pessione
Petrosino-Strasatti
Pettenasco
Piacenza
Piadena
Pian del Mugnone
Pian di Venola
Piana
Piana Bella di Montelibretti
Piano Orizzontale dei Giovi
Piano d\u0027Orta Bolognano
Pianoro
Pianzano
Piazza al Serchio
Picanello
Picerno
Piedimonte-Villa S.Lucia-Aquino
Piedimulera
Pietra Ligure
Pietrabissara
Pietragalla
Pietrarsa-S.Giorgio a Cremano
Pietrasanta
Pieve Albignola
Pieve Emanuele
Pieve Ligure
Pieve Vergonte
Pignataro Maggiore
Pinarolo Po
Pinerolo
Pinerolo Olimpica
Pineto-Atri
Pino Tronzano
Pioltello-Limito
Piombino
Piombino Dese
Piombino Marittima
Piona
Pioppe di Salvaro
Piraineto
Pisa Centrale
Pisa S.Rossore
Piscina di Pinerolo
Pisciotta-Palinuro
Pisticci
Pistoia
Pistoia Ovest
Piteccio
Pizzale Lungavilla
Pizzighettone
Pizzo
Ploaghe
Pocapaglia
Poggibonsi-S.Gimignano
Poggio Fidoni
Poggio Imperiale
Poggio Mirteto
Poggio Renatico
Poggio Rusco
Poggio-Careggine-Vagli
Poggiridenti-Tresivio-Piateda
Polesella
Policastro Bussentino
Policoro-Tursi
Polignano a Mare
Pollenza
Pollina-S.Mauro Castelverde
Pomezia-S.Palomba
Pompei
Pont-Saint-Martin
Pontassieve
Ponte Galeria
Ponte Gardena-Laion  Waidbruck-Lajen
Ponte Ginori
Ponte S.Marco-Calcinato
Ponte S.Pietro
Ponte S.Stefano
Ponte Schiavo
Ponte a Elsa
Ponte a Moriano
Ponte a Tressa
Ponte d\u0027Adda
Ponte d\u0027Adige  Sigmundskron
Ponte della Venturina
Ponte di Nona
Ponte di Piave
Ponte in Valtellina
Ponte nelle Alpi-Polpet
Ponte-Casalduni
Pontebba
Pontecagnano
Pontecchio Marconi
Pontecurone
Pontedera-Casciana Terme
Pontelagoscuro
Pontenure
Pontetto
Ponti
Ponticino
Pontida
Pontremoli
Popolano di Marradi
Popoli-Vittorito
Populonia
Porcari
Pordenone
Porretta Terme
Portici-Ercolano
Porto Ceresio
Porto Recanati
Porto S.Elpidio
Porto S.Giorgio-Fermo
Porto Torres
Porto Torres Marittima
Porto Valtravaglia
Porto d\u0027Ascoli
Porto di Vasto
Portogruaro-Caorle
Portomaggiore
Possidente
Postioma
Potenza Centrale
Potenza Macchia Romana
Potenza Picena-Montelupone
Potenza Superiore
Potenza Università
Povo-Mesiano
Pozzallo
Pozzolo Formigaro
Pozzuoli Solfatara
Pozzuolo Martesana
Pracchia
Praja-Ajeta-Tortora
Prasco-Cremolino
Prata Camportaccio
Prata-Pratola
Pratignone
Prato Borgonuovo
Prato Centrale
Prato Porta al Serraglio
Pratola Peligna
Pratola Peligna Superiore
Preganziol
Preglia
Pregnana Milanese
Premosello-Chiovenda
Primolano
Priolo-Melilli
Priverno-Fossanova
Quarto d\u0027Altino
Quarto di Marano
Quattro Venti
Quattro Ville
Quercianella-Sonnino
Quero-Vas
Quiliano-Vado Ligure
Racalmuto
Racconigi
Ragusa
Raiano
Rapallo
Rapolano Terme
Rastignano
Ravenna
Recale
Recco
Reggio Emilia
Reggio Emilia AV Mediopadana
Reggio di Calabria Aeroporto
Reggio di Calabria Archi
Reggio di Calabria Bocale
Reggio di Calabria Catona
Reggio di Calabria Centrale
Reggio di Calabria Gallico
Reggio di Calabria Lido
Reggio di Calabria Omeca
Reggio di Calabria Pellaro
Reggio di Calabria Pentimele
Reggio di Calabria S.Caterina
Reggio di Calabria S.Gregorio
Remedello Sopra
Remedello Sotto
Renate-Veduggio
Resana
Rho
Rho Fiera
Riardo-Pietramelara
Ricadi-Capo Vaticano
Riccione
Ridotti-Collepiano
Rieti
Rignano sull\u0027Arno-Reggello
Rigoli
Rigoroso
Rimini
Rimini Miramare
Rimini Torre Pedrera
Rimini Viserba
Riminifiera
Rio di Pusteria  Mühlbach
Riola
Riomaggiore
Rionero-Atella-Ripacandida
Ripabottoni-S.Elia
Ripafratta
Riparbella
Riva Trigoso
Rivarolo
Robbio
Robecco-Pontevico
Robilante
Rocca Ravindola
Rocca d\u0027Evandro-S.Vittore
Rocca di Corno
Rocca di Fondi
Roccalumera-Mandanici
Roccapalumba-Alia
Roccasecca
Roccastrada
Roccavione
Roccavivi
Roccella
Roccella Jonica
Rocchetta Cairo
Rocchetta S.Antonio-Lacedonia
Rocchetta Tanaro-Cerro
Rodallo
Rolo-Novi-Fabbrico
Roma Aurelia
Roma Balduina
Roma Monte Mario
Roma Nomentana LL
Roma Ostiense
Roma Prenestina
Roma S.Filippo Neri
Roma S.Pietro
Roma Termini
Roma Tiburtina
Roma Trastevere
Roma Tuscolana
Romagnano-Vietri-Salvitelle
Romano
Romanore
Rometta Messinese
Roncegno Bagni-Marter
Ronchi dei Legionari Nord
Ronco Scrivia
Ronta
Rosarno
Roseto degli Abruzzi
Rosignano
Rosolina
Rosolini
Rossano
Rossano Veneto
Rossiglione
Rosta
Rosà
Rottofreno
Rovasenda
Rovato
Roverbella
Rovereto
Roviano
Rovigliano
Rovigo
Rubiera
Rudalza
Rufina
Russi
S.Agata di Militello
S.Agata sul Santerno
S.Alessio Siculo-Forza d\u0027Agrò
S.Ambrogio
S.Anna di Chioggia
S.Antimo-S.Arpino
S.Antonino di Saluggia
S.Antonino-Vaie
S.Antonio Mantovano
S.Benedetto Sambro-Castiglione Pepoli
S.Benedetto del Tronto
S.Benigno
S.Biagio
S.Biagio di Callalta
S.Bonifacio
S.Candido  Innichen
S.Cassiano
S.Cassiano Valchiavenna
S.Caterina dello Jonio
S.Claudio
S.Cristina e Bissone
S.Cristoforo al Lago-Ischia
S.Croce del Lago
S.Damiano d\u0027Asti
S.Demetrio de\u0027 Vestini
S.Domenica
S.Donato Milanese
S.Donnino Badia
S.Donà di Piave-Jesolo
S.Elena-Este
S.Ellero
S.Eurosia
S.Felice sul Panaro
S.Filippo
S.Flavia-Solunto-Porticello
S.Frediano a Settimo
S.Gavino
S.Gennaro
S.Germano Vercellese
S.Giacomo di Teglio
S.Giorgio
S.Giorgio delle Pertiche
S.Giorgio di Nogaro
S.Giorgio di Piano
S.Giovanni Valdarno
S.Giovanni al Natisone
S.Giovanni di Casarsa
S.Giovanni in Croce
S.Giovanni in Persiceto
S.Giuletta
S.Giuliano Milanese
S.Giuliano Piacentino
S.Giuliano Piemonte
S.Giuliano Terme
S.Giuseppe di Cairo
S.Giustina-Cèsio
S.Ilario d`Enza
S.Lazzaro di Savena
S.Liberato
S.Lorenzo  St.Lorenzen
S.Lorenzo Maggiore
S.Lucido Marina
S.Marcellino-Frignano
S.Marco d\u0027Alunzio-Torrenova
S.Marco-Roggiano
S.Margherita Ligure-Portofino
S.Maria Capua Vetere
S.Maria La Bruna
S.Maria delle Mole
S.Marinella
S.Marino
S.Martino Buonalbergo
S.Martino Cava
S.Martino di Lupari
S.Martino in Gattara
S.Maurizio Canavese
S.Michele in Bosco
S.Miniato-Fucecchio
S.Mommè
S.Nazario
S.Nicola Tonnara
S.Nicolò
S.Paolo Solbrito
S.Patrizio
S.Piero a Sieve
S.Pietro Berbenno
S.Pietro Vernotico
S.Pietro a Vico
S.Pietro in Casale
S.Pietro in Gù
S.Romano-Montopoli-S.Croce
S.Severa
S.Severino Marche
S.Severo
S.Stefano Lodigiano
S.Stefano di Camastra-Mistretta
S.Stefano di Magra
S.Stino di Livenza
S.Teresa di Riva
S.Trovaso
S.Vincenzo
S.Vincenzo Valle Roveto
S.Vito al Tagliamento
S.Vito-Lanciano
S.Vittoria
S.Zeno-Folzano
S.Zenone al Lambro
Sacile
Sacile-S.Liberale
Sagrado
Sairano
Sairano-Zinasco
Sala al Barro-Galbiate
Salandra-Grottole
Salbertrand
Sale Langhe
Salemi-Gibellina
Salerno
Salerno Irno
Saletto
Saliceto
Saline di Reggio
Salone
Salorno  Salurn
Salsomaggiore Terme
Saluggia
Salussola
Saluzzo
Salzano-Robegano
Samassi-Serrenti
Samoggia
Samolaco
Sampieri
San Paolo
Sanfrè
Sangiano
Sanguinetto
Sannazzaro
Sanremo
Santarcangelo di Romagna
Sante Marie
Santhià
Santopadre
Santuario
Sapri
Sarmato
Sarno
Sartirana
Sarzana
Sassa-Tornimparte
Sassari
Sasso Marconi
Sassone
Savigliano
Savignano sul Rubicone
Savignano-Greci
Savona
Scafa-S.Valentino-Caramanico Terme
Scafati
Scalea-S.Domenica Talao
Scaletta Zanclea
Scarlino
Scerne di Pineto
Schio
Scicli
Scilla
Scopeti
Scordia
Scurcola Marsicana
Secugnago
Sedico-Bribano
Segrate
Sella di Corno
Senigallia
Seregno
Serenissima
Seriate
Serino
Serra S.Quirico
Serradifalco
Serramanna-Nuraminis
Serravalle Pistoiese
Serravalle Scrivia
Serravalle all\u0027Adige
Sessa Aurunca-Roccamonfina
Sesto Calende
Sesto Campano
Sesto Fiorentino
Sesto S.Giovanni
Sestri Levante
Settebagni
Settequerce  Siebeneich
Settimo
Sezze Romano
Sgurgola
Sibari
Sicignano degli Alburni
Siderno
Sieci
Siena
Signa
Siliqua
Silla
Silvi
Sinalunga
Sipicciano
Sipicciano S.Nicola
Siponto
Siracusa
Sistiana-Visogliano
Soffratta
Solagna
Solarolo
Solarussa
Solero
Solignano
Solofra
Solopaca
Somma Lombardo
Sommariva del Bosco
Sondrio
Sora
Soresina
Sorgenti del Peschiera
Sori
Soverato
Spadafora
Spagnuola
Sparanise
Spello
Spigno
Spinea
Spinetoli Villa S.Pio X
Spinetoli-Colli
Spinetta
Spoleto
Spotorno-Noli
Spresiano
Squinzano
Stanghella
Stazione per l\u0027Alpago
Stezzano
Sticciano
Stimigliano
Strada Casale
Stradella
Strambino
Stresa
Strevi
Strigno
Strongoli
Su Canale
Sulmona
Sulmona S.Rufina
Suno
Susa
Susegana
Suzzara
Taggia-Arma
Tagliacozzo
Taino-Angera
Talamona
Talamone
Taormina-Giardini
Taranto
Tarcento
Targia
Tarquinia
Tarvisio Boscoverde
Tassignano-Capannori
Tavazzano
Teano
Teglio Veneto
Telese-Cerreto
Teramo
Terlano-Andriano  Terlan-Andrian
Terme Euganee-Abano-Montegrotto
Terme Vigliatore
Termini Imerese
Termoli
Ternate-Varano Borghi
Terni
Terno
Terontola-Cortona
Terrenove
Terzo-Montabone
Tezze di Grigno
Thiene
Tirano
Tito
Tivoli
Tolentino
Tollo-Canosa Sannita
Tor Sapienza
Tor Vergata
Tora-Presenzano
Torano-Lattarico
Torino Aeroporto Di Caselle
Torino Corso Grosseto
Torino Lingotto
Torino Porta Nuova
Torino Porta Susa
Torino Rebaudengo Fossata
Torino Stura
Torrazza Piemonte
Torre Annunziata Centrale
Torre Annunziata Città
Torre Melissa
Torre Orsaia
Torre de\u0027 Picenardi
Torre dei Passeri
Torre del Greco
Torre del Lago Puccini
Torre in Pietra-Palidoro
Torreberetti
Torregrotta
Torricella
Torricola
Torrile-S.Polo
Torrita di Siena
Tortona
Tortoreto Lido
Toscano
Trabia
Traccia
Trani
Trapani
Trappeto
Travedona-Biandronno
Tre Croci
Trebaseleghe
Trebisacce
Trecate
Trecella
Tremestieri
Trento
Trento S.Bartolameo
Trento S.Chiara
Trepuzzi
Tresenda-Aprica-Teglio
Trevi
Treviglio
Treviglio Ovest
Trevignano-Signoressa
Treviso Centrale
Trezzano sul Naviglio
Tricesimo-S.Pelagio
Trieste Airport
Trieste Centrale
Trinitapoli-S.Ferdinando di Puglia
Trinità-Bene Vagienna
Trino Vercellese
Triuggio-Ponte Albiate
Trivigno
Trofarello
Tromello
Tronzano
Tropea
Tufo
Tuoro sul Trasimeno
Tusa
Udine
Ugovizza-Valbruna
Uras-Mogoro
Urbisaglia-Sforzacosta
Vada
Vaglia
Vaiano
Vaio Ospedale
Vairano-Caianello
Val D`Ala
Valdaora-Anterselva  Olang-Antholz
Valenza
Valle Aurelia
Valle Lomellina
Valle dell\u0027Aniene-Mandela-Sambuci
Valle di Maddaloni
Valle di Mercato S.Severino
Vallecrosia
Valledolmo
Vallelunga
Vallo della Lucania-Castelnuovo
Valmadonna
Valmadrera
Valmontone
Vandoies  Vintl
Vanzago-Pogliano
Vaprio d\u0027Agogna
Varallo Pombia
Varano
Varazze
Varenna-Esino
Varese
Varignana
Varzo
Vasto-S.Salvo
Velletri
Venafro
Venaria Reale Reggia
Venaria Reale Rigola Stadio
Venezia Carpenedo
Venezia Mestre
Venezia Mestre Gazzera
Venezia Mestre Ospedale
Venezia Porto Marghera
Venezia S.Lucia
Ventimiglia
Venzone
Verbania-Pallanza
Verceia
Vercelli
Vercurago-S.Girolamo
Verdello-Dalmine
Vergato
Vergiate
Vernante
Vernazza
Vernio-Montepiano-Cantagallo
Verolanuova
Verolengo
Verona Porta Nuova
Verona Porta Vescovo
Verrès
Versciaco - Elmo
Verzuolo
Vespolate
Vetralla
Vezzano Ligure
Viadana Bresciana
Viareggio
Vibo Marina
Vibo Valentia-Pizzo
Vicchio
Vicenza
Vicofertile
Vicoforte-S.Michele
Vicovaro
Vidalengo
Vietri sul Mare-Amalfi
Vigevano
Vigliano d\u0027Asti
Vigna Clara
Vigna di Valle
Vignale
Vignale-Riotorto
Vignate
Vigodarzere
Vigonza-Pianiga
Villa Bonelli
Villa Claudia
Villa Literno
Villa Opicina
Villa Raverio
Villa S.Giovanni
Villa S.Giovanni-Cannitello
Villa S.Sebastiano
Villa del Conte
Villa di Tirano
Villabartolomea
Villabassa-Braies  Niederdorf-Prags
Villadossola
Villafranca Tirrena-Saponara
Villafranca di Verona
Villafranca-Bagnone
Villafranca-Cantarana
Villalba
Villamaggiore
Villamassargia-Domusnovas
Villanova Canavese-Grosso
Villanova d\u0027Arda
Villanova d\u0027Ardenghi
Villanova d\u0027Asti
Villanova di Reggiolo
Villarosa
Villasanta Parco
Villasor
Villaspeciosa-Uta
Villastellone
Villaverla-Montècchio
Villazzano
Villetta
Villetta Malagnino
Villetta-S.Romano
Vilpiano-Nalles  Vilpian-Nals
Vinchiaturo
Vipiteno-Val di Vizze  Sterzing-Pfitsch
Visano
Visone
Viterbo Porta Fiorentina
Viterbo Porta Romana
Vittoria
Vittorio Veneto
Vittuone-Arluno
Vizzini-Licodia
Voghera
Vogogna Ossola
Volpiano
Voltana
Volterra-Saline-Pomarance
Zagarolo
Zambra
Zambrone
Zappulla
Zinasco Nuovo
Zoagli